FirstAuthor	CoAuthors	Label	RT	Date	Title	Subject
Xuhui Luo	['Mingkuang Wang', 'Guiping Hu', 'Boqi Weng']	unknown	0	2019-04-06	Seasonal Change of Microbial Diversity and Its Relation with Soil Chemical Properties in Orchard	Microbiology
Jack W Shepherd	['R J Greenall', 'M I J Probert', 'Agnes Noy', 'Mark C. Leake']	male	0	2019-04-04	The emergence of sequence-dependent structural motifs in stretched, torsionally constrained DNA	Biophysics
Olexiy Kyrgyzov	['Vincent Prost', 'Stéphane Gazut', 'Bruno Farcy', 'Thomas Brüls']	male	0	2019-04-04	Binning unassembled short reads based on k-mer covariance in a sparse coding framework	Bioinformatics
Andrew R Harris	['Brian Belardi', 'Pamela Jreij', 'Kathy Wei', 'Andreas Bausch', 'Daniel A Fletcher']	male	0	2019-04-04	Tuning the affinity of tandem calponin homology domains	Biochemistry
Małgorzata K. Włodarczyk-Biegun	['Julieta I. Paez', 'Maria Villiou', 'Jun Feng', 'Aranzazu del Campo']	female	1	2019-04-04	Printability study of metal ion crosslinked PEG-catechol based inks	Biochemistry
Alessandro Moscatelli	['Colleen P. Ryan', 'Lucia Cosentino', 'Marc O. Ernst', 'Francesco Lacquaniti']	male	0	2019-04-04	The discrimination of tactile speed in absence of texture elements: Role of deformation and vibratory cues	Neuroscience
Antonio Barral	['Isabel Rollan', 'Hector Sanchez-Iranzo', 'Wajid Jawaid', 'Claudio Badia-Careaga', 'Sergio Menchero', 'Manuel Gomez-Rodriguez', 'Carlos Torroja', 'Fatima Sanchez-Cabo', 'Berthold Göttgens', 'Miguel Manzanares', 'Julio Sainz de Aja']	male	0	2019-04-04	Nanog regulates Pou3f1 expression and represses anterior fate at the exit from pluripotency	Developmental
Vidyasiri Vemulapalli	['Lily Chylek', 'Alison Erickson', 'Jonathan LaRochelle', 'Kartik Subramanian', 'Morvarid Mohseni', 'Matthew LaMarche', 'Michael G. Acker', 'Peter K. Sorger', 'Steven P. Gygi', 'Stephen C. Blacklow']	unknown	0	2019-04-04	Time resolved quantitative phosphoproteomics reveals distinct patterns of SHP2 dependence in EGFR signaling	Cell
Ryota Mizushima	['Kanako Inoue', 'Atsuko H. Iwane', 'Atsuomi Kimura', 'Tomonobu M. Watanabe']	male	0	2019-04-04	Multiplexed 129Xe HyperCEST MRI detection of genetically-reconstituted bacterial protein nanoparticles in human cancer cells	Biophysics
Xu Ren	['Pei Fen Kuan']	ambiguous	1	2019-04-04	Negative Binomial Additive Model for RNA-Seq Data Analysis	Bioinformatics
Katrina Schlum	['Se-Ran Jun', 'Zulema Udaondo', 'David Ussery', 'Scott J. Emrich']	female	1	2019-04-04	Improved bacteria population structure analysis on thousands of genomes using unsupervised methods	Bioinformatics
SR Cox	['SJ Ritchie', 'C Fawns-Ritchie', 'EM Tucker-Drob', 'IJ Deary']	unknown	0	2019-04-04	Brain imaging correlates of general intelligence in UK Biobank	Neuroscience
Harold D. Bright	['Laura D. Howe', 'Jasmine N. Khouja', 'Andrew J. Simpkin', 'Matthew Suderman', 'Linda M. O’Keeffe']	male	0	2019-04-04	Epigenetic gestational age and trajectories of weight and height during childhood: a prospective cohort study	Genomics
Salomé Llabrés	['Ulrich Zachariae']	female	1	2019-04-04	Disease-related single-point mutations alter the global dynamics of a tetratricopeptide (TPR) a-solenoid domain	Biophysics
Yuanhua Huang	['Davis J. McCarthy', 'Oliver Stegle']	unknown	0	2019-04-04	Vireo: Bayesian demultiplexing of pooled single-cell RNA-seq data without genotype reference	Bioinformatics
Chih-Chung Ting	['Stefano Palminteri', 'Jan B. Engelmann', 'Maël Lebreton']	unknown	0	2019-04-04	Decreased confidence in loss-avoidance contexts is a primary meta-cognitive bias of human reinforcement learning	Animal
Mirre J. P. Simons	['Isabel Winney', 'Antje Girndt', 'Mark Rees', 'Shinichi Nakagawa', 'Julia Schroeder', 'Terry Burke']	unknown	0	2019-04-04	Ageing in house sparrows is insensitive to environmental effects	Evolutionary
Kathy Y. Wei	['Danai Moschidi', 'Matthew J. Bick', 'Santrupti Nerli', 'Andrew C. McShan', 'Lauren P. Carter', 'Po-Ssu Huang', 'Daniel A. Fletcher', 'Nikolaos G. Sgourakis', 'Scott E. Boyken', 'David Baker']	female	1	2019-04-04	De novo design of proteins with two isoenergetic but structurally divergent ground states	Biochemistry
Jiawen Li	['Jinxin Wang', 'Xiaoping Su', 'Zhiyong Jiang', 'Xing Rong', 'Xueping Gu', 'Huixian Qiu', 'Lanlan Zeng', 'Hao Zheng', 'Xiaoqiong Gu', 'Maoping Chu']	unknown	0	2019-04-04	The rs6505162 C&amp;gt;A polymorphism in the miRNA-423 gene exhibits a protective element of coronary artery in a southern Chinese population with Kawasaki disease	Genetics
Lili Qin	['Ying Huang', 'Zhaoduan Liang', 'Geng Liu', 'Xiumei Lin', 'Ting An', 'Dongli Li', 'Le Cheng', 'Bo Li']	female	1	2019-04-04	Novel pipeline of high-frequency neoantigens heathy donor-based validation in breast cancer	Cancer
B.A. Jonsson	['G. Bjornsdottir', 'T.E. Thorgeirsson', 'L.M. Ellingsen', 'G. Bragi Walters', 'D.F. Gudbjartsson', 'H. Stefansson', 'K. Stefansson', 'M.O. Ulfarsson']	unknown	0	2019-04-04	Deep learning based brain age prediction uncovers associated sequence variants	Neuroscience
Muhammad Yasir	['A. Keith Turner', 'Sarah Bastkowski', 'Andrew J. Page', 'Andrea Telatin', 'Minh-Duy Phan', 'Leigh G. Monahan', 'Aaron E. Darling', 'Mark A. Webber', 'Ian G. Charles']	male	0	2019-04-04	A new massively-parallel transposon mutagenesis approach comparing multiple datasets identifies novel mechanisms of action and resistance to triclosan	Microbiology
Alfredo Hinay	['Nelyn Mae Cadotdot', 'Marilou Tablizo']	male	0	2019-04-04	Anti-HIV-1 Activity of Crocodylus mindorensis (Philippine crocodile) serum in cell-free and cell-associated virus interactions to human peripheral blood mononuclear cells	Immunology
Bongyong Lee	['Iqbal Mahmud', 'John Marchica', 'Paweł Dereziński', 'Feng Qi', 'Fubo Wang', 'Piyush Joshi', 'Felipe Valerio', 'Inoel Rivera', 'Vipul Patel', 'Christian P. Pavlovich', 'Timothy Garrett', 'Gary P. Schroth', 'Yinghao Sun', 'Ranjan J. Perera']	unknown	0	2019-04-04	Integrated RNA and metabolite profiling of urine liquid biopsies for prostate cancer biomarker discovery	Cancer
Jeffrey N. Chiang	['Yujia Peng', 'Hongjing Lu', 'Keith J. Holyoak', 'Martin M. Monti']	male	0	2019-04-04	Neural and computational mechanisms of analogical reasoning	Neuroscience
Nathan P. Roach	['Norah Sadowski', 'Amelia F. Alessi', 'Winston Timp', 'James Taylor', 'John K. Kim']	male	0	2019-04-04	The full-length transcriptome of C. elegans using direct RNA sequencing	Genomics
Rasmus Magnusson	['Olof Rundquist', 'Min Jung Kim', 'Sandra Hellberg', 'Chan Hyun Na', 'Mikael Benson', 'David Gomez-Cabrero', 'Ingrid Kockum', 'Jesper Tegnér', 'Fredrik Piehl', 'Maja Jagodic', 'Johan Mellergård', 'Claudio Altafini', 'Jan Ernerudh', 'Maria C. Jenmalm', 'Colm E. Nestor', 'Min-Sik Kim', 'Mika Gustafsson']	male	0	2019-04-04	On the prediction of protein abundance from RNA	Bioinformatics
Qin Guo	['Shaoyan Zhang', 'Rong Sun', 'Xiaolong Yao', 'Satyanarayana Tatineni', 'Tea Meulia', 'Feng Qu']	ambiguous	1	2019-04-04	Single amino acid changes decouple two opposite activities of a viral auxiliary replication protein	Molecular
Wei Zhang	['Yuanlang Wang', 'Min Yang', 'Xudong Wu', 'Xiaodong Zhang', 'Yueyun Ding', 'Zongjun Yin']	ambiguous	1	2019-04-04	Genomic analysis reveals selection signatures of Yucatan miniature pig on its X chromosome during domestication	Genomics
Apostolos Gkatzionis	['Stephen Burgess', 'David V Conti', 'Paul J Newcombe']	male	0	2019-04-04	Bayesian variable selection with a pleiotropic loss function in Mendelian randomization	Genetics
Ran Tian	['Inge Seim', 'Wenhua Ren', 'Shixia Xu', 'Guang Yang']	female	1	2019-04-04	Contraction of the ROS scavenging enzyme glutathione S-transferase gene family in cetaceans	Evolutionary
Manuel Spitschan	['Rafael Lazar', 'Christian Cajochen']	male	0	2019-04-04	Visual and non-visual properties of filters manipulating short-wavelength light	Neuroscience
Andrea Martello	['Angela Lauriola', 'David Mellis', 'Elisa Parish', 'John C Dawson', 'Lisa Imrie', 'Martina Vidmar', 'Noor Gammoh', 'Tijana Mitic', 'Mairi Brittan', 'Nicholas Mills', 'Neil O Carragher', 'Domenico D’Arca', 'Andrea Caporali']	ambiguous	1	2019-04-04	Trichoplein controls endothelial cell function by regulating autophagy	Molecular
Mroj Alassaf	['Emily Daykin', 'Jaffna Mathiaparanam', 'Marc Wolman']	unknown	0	2019-04-04	Pregnancy-associated plasma protein-aa supports hair cell survival by regulating mitochondrial function	Cell
Tal Einav	['Rob Phillips']	ambiguous	1	2019-04-04	How the Avidity of Polymerase Binding to the -35/-10 Promoter Sites Affects Gene Expression	Biophysics
Bianca Dumitrascu	['Soledad Villar', 'Dustin G. Mixon', 'Barbara E. Engelhardt']	female	1	2019-04-04	Optimal marker gene selection for cell type discrimination in single cell analyses	Genomics
Cai-Rong Yang	['Gabriel Rajkovic', 'Enrico Maria Daldello', 'Xuan G. Luong', 'Jing Chen', 'Marco Conti']	unknown	0	2019-04-04	The RNA binding protein DAZL functions as repressor and activator of maternal mRNA translation during oocyte maturation	Developmental
Juan F. Duque	['Tanner Rasmussen', 'Anna Rodriguez', 'Jeffrey R. Stevens']	male	0	2019-04-04	Effects of mesotocin on social bonding in pinyon jays	Animal
Kyria Roessler	['Aline Muyle', 'Concepcion M. Diez', 'Garren R.J. Gaut', 'Alexandros Bousios', 'Michelle C. Stitzer', 'Danelle K. Seymour', 'John F. Doebley', 'Qingpo Liu', 'Brandon S. Gaut']	unknown	0	2019-04-04	The Genomics of Selfing in Maize (Zea mays ssp. mays): Catching Purging in the Act	Genomics
Helmut Schmidt	['Thomas R. Knösche']	male	0	2019-04-04	Action Potential Propagation and Synchronisation in Myelinated Axons	Neuroscience
Pugie Tawanda Chimberengwa	['Mergan Naidoo']	unknown	0	2019-04-04	Knowledge, attitudes and practices of hypertension in a community based cross sectional study done in Ward 14, Gwanda District, Matebeleland South, Zimbabwe	Epidemiology
Catherine Leigh	['Sevvandi Kandanaarachchi', 'James M. McGree', 'Rob J. Hyndman', 'Omar Alsibai', 'Kerrie Mengersen', 'Erin E. Peterson']	female	1	2019-04-04	Predicting sediment and nutrient concentrations from high-frequency water-quality data	Ecology
Rebecca E. Ross	['W. Alex M. Nimmo-Smith', 'Ricardo Torres', 'Kerry L. Howell']	female	1	2019-04-04	Modelling marine larval dispersal: a cautionary deep-sea tale for ecology and conservation	Ecology
Ming-Kai Hsieh	['Chia-Jung Wu', 'Xuan-Chun Su', 'Yi-Chen Chen', 'Tsung-Ting Tsai', 'Chi-Chien Niu', 'Po-Liang Lai', 'Shinn-Chih Wu']	unknown	0	2019-04-04	Bone regeneration in Ds-Red pig calvarial defect using allogenic transplantation of EGFP-pMSCs – a comparison of host cells and seeding cells in the scaffold	Cell
Jaron Thompson	['Renee Johansen', 'John Dunbar', 'Brian Munsky']	male	0	2019-04-04	Machine learning to predict microbial community functions: An analysis of dissolved organic carbon from litter decomposition	Bioinformatics
David C. Bernvi	['Geremy Cliff']	male	0	2019-04-04	How the liver contributes to stomach warming in the endothermic white shark Carcharodon carcharias	Zoology
Rafael G. E. Oliveira	['Fabricio G. Gonçalves', 'Pedro G. A. Segundinho', 'José Tarcísio S. Oliveira', 'Juarez B. Paes', 'Izabella Luzia S. Chaves', 'Alice S. Brito']	male	0	2019-04-04	Analysis of glue line and correlations between anatomical characteristics of Eucalyptus grandis × Eucalyptus urophylla glued-laminated timber	Plant
Alexander S. Berry	['Denise Barnhart', 'Brendan J. Kelly', 'Donna J. Kelly', 'Daniel P. Beiting', 'Robert N. Baldassano', 'Laurel E. Redding']	male	0	2019-04-04	Gut microbiome features associated with Clostridium difficile colonization in puppies	Epidemiology
Linden J. Gearing	['Helen E. Cumming', 'Ross Chapman', 'Alexander M. Finkel', 'Isaac B. Woodhouse', 'Kevin Luu', 'Jodee A. Gould', 'Samuel C. Forster', 'Paul J. Hertzog']	unknown	0	2019-04-04	CiiiDER: a new tool for predicting and analysing transcription factor binding sites	Bioinformatics
Lex Borghans	['Ron Diris', 'Wendy Smits', 'Jannes de Vries']	male	0	2019-04-04	The Long-run Effects of Secondary School Track Assignment	Scientific
Erena A. Edae	['Matthew N. Rouse']	female	1	2019-04-04	Bulked segregant analysis RNA-seq (BSR-Seq) validated a stem resistance locus in Aegilops umbellulata, a wild relative of wheat	Genomics
Wen-Ting Yang	['Zong-Xia Zhao', 'Bin Li', 'Peng-Sheng Zheng']	unknown	0	2019-04-04	NF-YA Transcriptionally Activates the Expression of SOX2 in Cervical Cancer Stem Cells	Cancer
Aurore Fleurie	['Abdelrahim Zoued', 'Laura Alvarez', 'Kelly M. Hines', 'Felipe Cava', 'Libin Xu', 'Brigid M. Davis', 'Matthew K. Waldor']	female	1	2019-04-04	A Vibrio cholerae BolA-like protein is required for proper cell shape and cell envelope integrity	Microbiology
Wenping Cui	['Robert Marsland', 'Pankaj Mehta']	unknown	0	2019-04-04	Diverse communities behave like typical random ecosystems	Ecology
Mélanie Sustersic	['Aurélie Gauchet', 'Amélie Duvert', 'Laure Gonnet', 'Alison Foote', 'Céline Vermorel', 'Benoit Allenet', 'Jean-Luc Bosson']	female	1	2019-04-04	Proposal for a Global Adherence Scale for Acute Conditions (GASAC): a prospective cohort study in two Emergency Departments	Epidemiology
Matthias Arnold	['Kwangsik Nho', 'Alexandra Kueider-Paisley', 'Tyler Massaro', 'Barbara Brauner', 'Siamak MahmoudianDehkordi', 'Gregory Louie', 'M. Arthur Moseley', 'J. Will Thompson', 'Lisa St John Williams', 'Jessica D. Tenenbaum', 'Colette Blach', 'Rui Chang', 'Roberta D. Brinton', 'Rebecca Baillie', 'Xianlin Han', 'John Q. Trojanowski', 'Leslie M. Shaw', 'Michael W. Weiner', 'Eugenia Trushina', 'Jon B. Toledo', 'Jan Krumsiek', 'P. Murali Doraiswamy', 'Andrew J. Saykin', 'Rima Kaddurah-Daouk', 'Gabi Kastenmüller', 'for the Alzheimer’s Disease Neuroimaging Initiative', 'and the Alzheimer’s Disease Metabolomics Consortium']	male	0	2019-04-04	The Alzheimer’s Disease Metabolome: Effects of Sex and APOE ε4 genotype	Bioinformatics
Jaelle C. Brealey	['Henrique G. Leitão', 'Wenbo Xu', 'Love Dalén', 'Katerina Guschanski']	unknown	0	2019-04-03	Dental calculus as a tool to study the evolution of the oral microbiome in mammals	Evolutionary
Endre Neparáczki	['Zoltán Maróti', 'Tibor Kalmár', 'Kitti Maár', 'István Nagy', 'Dóra Latinovics', 'Ágnes Kustár', 'György Pálfi', 'Erika Molnár', 'Antónia Marcsik', 'Csilla Balogh', 'Gábor Lőrinczy', 'Szilárd Sándor Gál', 'Péter Tomka', 'Bernadett Kovacsóczy', 'László Kovács', 'István Raskó', 'Tibor Török']	male	0	2019-04-03	Y-chromosome haplogroups from Hun, Avar and conquering Hungarian period nomadic people of the Carpathian Basin	Genetics
Christian Feregrino	['Fabio Sacher', 'Oren Parnas', 'Patrick Tschopp']	ambiguous	1	2019-04-03	A Single-cell Transcriptomic Atlas of the Developing Chicken Limb	Developmental
David S. Tsao	['Sukrit Silas', 'Brian P. Landry', 'Nelda Itzep', 'Amy B. Nguyen', 'Celeste K. Kanne', 'Vivien A. Sheehan', 'Rani Sharma', 'Rahul Shukla', 'Prem N. Arora', 'Oguzhan Atay']	male	0	2019-04-03	A novel high-throughput molecular counting method with single base-pair resolution enables accurate single-gene NIPT	Genetics
Erika C Urdaneta	['Benedikt M Beckmann']	female	1	2019-04-03	Fast and unbiased purification of RNA-protein complexes after UV cross-linking	Biochemistry
Gabriel B. Faierstein	['WeiYu Lu', 'Andréa K. L. S. Sena', 'Rosângela M. R. Barbosa', 'Walter S. Leal']	ambiguous	1	2019-04-03	Conspecific larval extracts along with biotoxin to attract-and-kill mosquitoes	Ecology
Mohammad B. Aljazi	['Yuen Gao', 'Yan Wu', 'George I. Mias', 'Jin He']	male	0	2019-04-03	FGF/MAPK signaling pathway regulates the genome-wide occupancy of Polycomb Repressive Complex 2 in murine embryonic stem cells	Genetics
Kyoko Chiba	['Chen Min', 'Shogo Arai', 'Koichi Hashimoto', 'Richard J. McKenney', 'Shinsuke Niwa']	female	1	2019-04-03	Disease-associated mutations hyperactivate KIF1A motility and anterograde axonal transport of synaptic vesicle precursors	Cell
Dhanunjay Mukhi	['Rajkishor Nishad', 'Ram KumarMenon', 'Anil KumarPasupulati']	unknown	0	2019-04-03	Growth hormone induces TGF-β1 in podocytes: Implications in podocytopathy and proteinuria	Cell
Alexandra H. Bartlett	['Jane W Liang', 'Jose Vladimir Sandoval-Sierra', 'Jay H Fowke', 'Eleanor M Simonsick', 'Karen C Johnson', 'Khyobeni Mozhui']	female	1	2019-04-03	Longitudinal Study of Leukocyte DNA Methylation and Biomarkers for Cancer Risk in Older Adults	Cancer
André F. Rendeiro	['Thomas Krausgruber', 'Nikolaus Fortelny', 'Fangwen Zhao', 'Thomas Penz', 'Matthias Farlik', 'Linda C. Schuster', 'Amelie Nemc', 'Szabolcs Tasnády', 'Marienn Réti', 'Zoltán Mátrai', 'Donat Alpar', 'Csaba Bödör', 'Christian Schmidl', 'Christoph Bock']	male	0	2019-04-03	Chromatin mapping and single-cell immune profiling define the temporal dynamics of ibrutinib drug response in chronic lymphocytic leukemia	Cancer
Payal M Oak	['Akash S. Mali', 'Atul R Chopade', 'Govind Shukla']	unknown	0	2019-04-03	Phosphorimidate Derivatives of Acyclovir; Antiviral Activity Against Canine Parvovirus In Vitro	Pharmacology
Vanessa M. Puñal	['Caitlin E. Paisley', 'Federica S. Brecha', 'Monica A. Lee', 'Robin M. Perelli', 'Emily G. O’Koren', 'Caroline R. Ackley', 'Daniel R. Saban', 'Benjamin E. Reese', 'Jeremy N. Kay']	female	1	2019-04-03	Large-scale death of retinal astrocytes during normal development mediated by microglia	Neuroscience
Ilmatar Rooda	['Birgitta Kaselt', 'Andres Salumets', 'Agne Velthut-Meikas']	unknown	0	2019-04-03	MicroRNAs expressed from FSHR and aromatase genes target important ovarian functions	Molecular
J. A. Southgate	['M. J. Bull', 'C. M. Brown', 'J. Watkins', 'S. Corden', 'B. Southgate', 'C. Moore', 'T. R. Connor']	unknown	0	2019-04-03	Influenza Classification from Short Reads with VAPOR Facilitates Robust Mapping Pipelines and Zoonotic Strain Detection for Routine Surveillance Applications	Bioinformatics
John C. Rose	['Nicholas A. Popp', 'Christopher D. Richardson', 'Jason J. Stephany', 'Julie Mathieu', 'Cindy T. Wei', 'Jacob E. Corn', 'Dustin J. Maly', 'Douglas M. Fowler']	male	0	2019-04-03	Suppression of unwanted CRISPR/Cas9 editing by co-administration of catalytically inactivating truncated guide RNAs	Molecular
Ming Yang	['Andrew D. James', 'Rakesh Suman', 'Richard Kasprowicz', 'Michaela Nelson', 'Peter J. O’Toole', 'William J. Brackenbury']	ambiguous	1	2019-04-03	Voltage-dependent activation of Rac1 by Nav1.5 channels promotes cell migration	Cell
Nishant Mehta	['Sainiteesh Maddineni', 'Irimpan I. Mathews', 'Andres Parra Sperberg', 'Po-Ssu Huang', 'Jennifer R. Cochran']	unknown	0	2019-04-03	Structure and Functional Binding Epitope of V-domain Ig Suppressor of T-cell Activation (VISTA)	Cancer
Georg Kuenze	['Jens Meiler']	male	0	2019-04-03	Protein structure prediction using sparse NOE and RDC restraints with Rosetta in CASP13	Biophysics
Georg Kuenze	['Richard Bonneau', 'Julia Koehler Leman', 'Jens Meiler']	male	0	2019-04-03	Integrative protein modeling in RosettaNMR from sparse paramagnetic restraints	Biophysics
Carlos Martí-Gómez	['Enrique Lara-Pezzi', 'Fátima Sánchez-Cabo']	male	0	2019-04-03	dSreg: A bayesian model to integrate changes in splicing and RNA binding protein activity	Bioinformatics
Purbaj Pant	['Ravi José Tristão Ramos', 'Crina-Maria Ionescu', 'Jaroslav Koča']	unknown	0	2019-04-03	Charge-perturbation dynamics — a new avenue towards in silico protein folding	Bioinformatics
Lei Wang	['Yi Zhuo', 'Zhengwen He', 'Ying Xia', 'Ming Lu']	ambiguous	1	2019-04-03	Potential role of heat shock protein 90 in regulation of hyperthermia-driven differentiation of neural stem cells	Cell
Markus Reischl	['Mazin Jouda', 'Neil MacKinnon', 'Erwin Fuhrer', 'Natalia Bakhtina', 'Andreas Bartschat', 'Ralf Mikut', 'Jan G. Korvink']	male	0	2019-04-03	Motion prediction enables simulated MR-imaging of freely moving model organisms	Systems
Yifei Wang	['Jennifer B. Rattray', 'Stephen A. Thomas', 'James Gurney', 'Sam P. Brown']	unknown	0	2019-04-03	In silico bacteria evolve robust cooperation via complex quorum-sensing strategies	Microbiology
Xiaoyan Li	['Nathaniel D. Osgood']	unknown	0	2019-04-03	Applying particle filtering in complex compartmental models of pre-vaccination pertussis	Epidemiology
Rosemary Hartman	['Stacy Sherman', 'Dave Contreras', 'Alison Furler', 'Ryan Kok']	female	1	2019-04-03	Characterizing macroinvertebrate community composition and abundance in freshwater tidal wetlands of the Sacramento-San Joaquin Delta	Ecology
Susana Pallarés	['Raquel Colado', 'Toni Pérez-Fernández', 'Thomas Wesener', 'Ignacio Ribera', 'David Sánchez-Fernández']	female	1	2019-04-03	Heat tolerance and acclimation capacity in unrelated subterranean arthropods living under common and stable thermal conditions	Ecology
Ren-Yi Sun	['Michael H. Heggeness', 'Tanghong Jia', 'Sunaina Shrestha', 'Bradley Dart', 'Shang-You Yang']	unknown	0	2019-04-03	Pluripotent Stem Cells Can Be Isolated from Human Peripheral Nerves after in vitro BMP-2 Stimulation	Cell
Madeline S. Cappelloni	['Sabyasachi Shivkumar', 'Ralf M. Haefner', 'Ross K. Maddox']	female	1	2019-04-03	Improvement in auditory spatial discrimination from ambiguous visual stimuli is not explained by ideal observer causal inference	Animal
Petra T. Edwards	['Susan J. Hazel', 'Matthew Browne', 'James Serpell', 'Michelle L. McArthur', 'Bradley P. Smith']	female	1	2019-04-03	Investigating risk factors that predict a dog’s fear during veterinary visits	Animal
J Kyle Medley	['Joseph Hellerstein', 'Herbert M Sauro']	unknown	0	2019-04-03	libsbmljs — Enabling Web–Based SBML Tools	Systems
Hayley M. Dorfman	['Samuel J. Gershman']	female	1	2019-04-03	Controllability Governs the Balance Between Pavlovian and Instrumental Action Selection	Neuroscience
Varun N. Srinivasan	['Guangyu Li', 'Dongqi Wang', 'Nicholas B. Tooker', 'Zihan Dai', 'Annalisa Onnis-Hayden', 'Ameet Pinto', 'April Z. Gu']	unknown	0	2019-04-03	Oligotyping and Genome-Resolved Metagenomics Reveal Distinct Candidatus Accumulibacter Communities in Full-Scale Side-Stream versus Conventional Enhanced Biological Phosphorus Removal (EBPR) Configurations	Microbiology
Jaaziel E. García-Hernández	['Nicholas M. Hammerman', 'Juan J. Cruz-Motta', 'Nikolaos V. Schizas']	unknown	0	2019-04-03	Associated organisms inhabiting the calcareous sponge Clathrina lutea in La Parguera Natural Reserve, Puerto Rico	Ecology
Debajyoti Sinha	['Pradyumn Sinha', 'Ritwik Saha', 'Sanghamitra Bandyopadhyay', 'Debarka Sengupta']	unknown	0	2019-04-03	dropClust2: An R package for resource efficient analysis of large scale single cell RNA-Seq data	Bioinformatics
Brian Powers	['Joel E. Kleinman', 'Thomas M. Hyde', 'Olusola Ajilore', 'Alex Leow', 'Monsheel S. Sodhi']	male	0	2019-04-03	Differential expression of glutamate transporters and monoaminergic genes in major depression and suicide	Pharmacology
Marte Roel Lesur	['Marieke Lieve Weijs', 'Colin Simon', 'Oliver Alan Kannape', 'Bigna Lenggenhager']	female	1	2019-04-03	Achronopresence: how temporal visuotactile and visuomotor mismatches modulate embodiment	Neuroscience
Geon Kim	['Daewoong Ahn', 'Minhee Kang', 'YoungJu Jo', 'Donghun Ryu', 'Hyeonjung Kim', 'Jinyeop Song', 'Jea Sung Ryu', 'Gunho Choi', 'Hyun Jung Chung', 'Kyuseok Kim', 'Doo Ryeon Chung', 'In Young Yoo', 'Hee Jae Huh', 'Hyunseok Min', 'Nam Yong Lee', 'YongKeun Park']	unknown	0	2019-04-03	Rapid and label-free identification of individual bacterial pathogens exploiting three-dimensional quantitative phase imaging and deep learning	Microbiology
Liangying Yin	['Carlos K.L. Chau', 'Pak-Chung Sham', 'Hon-Cheong So']	unknown	0	2019-04-03	Uncovering complex disease subtypes by integrating clinical data and imputed transcriptome from genome-wide association studies: Applications in psychiatry and cardiovascular medicine	Genetics
Yun-Ching Chen	['Abhilash Suresh', 'Chingiz Underbayev', 'Clare Sun', 'Komudi Singh', 'Fayaz Seifuddin', 'Adrian Wiestner', 'Mehdi Pirooznia']	unknown	0	2019-04-03	IKAP - Identifying K mAjor cell Population groups in single-cell RNA-seq analysis	Bioinformatics
Shengquan Chen	['Yong Wang', 'Rui Jiang']	unknown	0	2019-04-03	OPENANNO: annotating genomic regions with chromatin accessibility	Bioinformatics
Anthony M. Mustoe	['Nicole Lama', 'Patrick S. Irving', 'Samuel W. Olson', 'Kevin M. Weeks']	male	0	2019-04-03	RNA base pairing complexity in living cells visualized by correlated chemical probing	Biochemistry
Emily A. Jones	['Anna K. Gillespie', 'Seo Yeon Yoon', 'Loren M. Frank', 'Yadong Huang']	female	1	2019-04-02	Early Hippocampal Sharp-Wave Ripple Deficits Predict Later Learning and Memory Impairments in an Alzheimer’s Disease Mouse Model	Neuroscience
Stijn A. Nuiten	['Andrés Canales-Johnson', 'Lola Beerendonk', 'Nutsa Nanuashvili', 'Johannes J. Fahrenfort', 'Tristan Bekinschtein', 'Simon van Gaal']	male	0	2019-04-02	The brain detects stimulus features, but not stimulus conflict in task-irrelevant sensory input	Neuroscience
Michael J Sheehan	['Polly Campbell', 'Caitlin H Miller']	male	0	2019-04-02	Patterns of urine scent mark pheromone evolution in house mice and relatives (Muridae: Mus)	Evolutionary
Theodor Sperlea	['Lea Muth', 'Roman Martin', 'Christoph Weigel', 'Torsten Waldminghaus', 'Dominik Heider']	male	0	2019-04-02	γBOriS: Identification of Origins of Replication in Gammaproteobacteria using Motif-based Machine Learning	Bioinformatics
Mikhail A. Lebedev	['Nil Adell Mill', 'Núria Armengol Urpí', 'Maria R. Cervera', 'Miguel A.L. Nicolelis']	male	0	2019-04-02	What, if anything, is the true neurophysiological significance of rotational dynamics?	Neuroscience
Paul B. Manis	['Michael R. Kasten', 'Ruili Xie']	male	0	2019-04-02	Classification of Neurons in the Adult Mouse Cochlear Nucleus: Linear Discriminant Analysis	Neuroscience
Maria Cortazar-Chinarro	['Sara Meurling', 'Laurens Schroyens', 'Mattias Siljestam', 'Alex Ritcher-Boix', 'Anssi Laurila', 'Jacob Höglund']	female	1	2019-04-02	Latitudinal MHC variation and haplotype associated differential survival in response to experimental infection of two strains of Batrachochytrium dendrobatitis (Bd-GPL) in common toads	Evolutionary
Emily C. Sales	['Emily L. Heckman', 'Timothy L. Warren', 'Chris Q. Doe']	female	1	2019-04-02	Regulation of subcellular dendritic synapse specificity by axon guidance cues	Neuroscience
Jack G. Hendrix	['David N. Fisher', 'April R. Martinig', 'Stan Boutin', 'Ben Dantzer', 'Jeffrey E. Lane', 'Andrew G. McAdam']	male	0	2019-04-02	Territory acquisition mediates the influence of predators and climate on juvenile red squirrel survival	Ecology
Lorraine A. Draper	['Feargal J. Ryan', 'Marion Dalmasso', 'Pat G. Casey', 'Angela McCann', 'Vimalkumar Velayudhan', 'R. Paul Ross', 'Colin Hill']	female	1	2019-04-02	Autochthonous faecal virome transplantation (FVT) reshapes the murine microbiome after antibiotic perturbation	Microbiology
Jonas B. Nielsen	['Oren Rom', 'Ida Surakka', 'Sarah E. Graham', 'Wei Zhou', 'Lars G. Fritsche', 'Sarah A. Gagliano Taliun', 'Carlo Sidore', 'Yuhao Liu', 'Maiken E. Gabrielsen', 'Anne Heidi Skogholt', 'Brooke Wolford', 'William Overton', 'Whitney E. Hornsby', 'Akua Acheampong', 'Austen Grooms', 'Tanmoy Roychowdhury', 'Amanda Schaefer', 'Gregory JM Zajac', 'Luis Villacorta', 'Jifeng Zhang', 'Ben Brumpton', 'Mari Løset', 'Vivek Rai', 'Kent D. Taylor', 'Nicholette D. Palmer', 'Yii-Der Chen', 'Seung Hoan Choi', 'Steven A. Lubitz', 'Patrick T. Ellinor', 'Kathleen C. Barnes', 'Michelle Daya', 'Nicholas Rafaels', 'Scott T. Weiss', 'Jessica Lasky-Su', 'Russell P. Tracy', 'Ramachandran S. Vasan', 'L. Adrienne Cupples', 'Rasika A. Mathias', 'Lisa R. Yanek', 'Lewis C. Becker', 'Patricia A. Peyser', 'Lawrence F. Bielak', 'Jennifer A. Smith', 'Stella Aslibekyan', 'Bertha A. Hildalgo', 'Donna K. Arnett', 'Marguerite R. Irvin', 'James G. Wilson', 'Solomon K. Musani', 'Adolfo Correa', 'Stephen S. Rich', 'Xiuqing Guo', 'Jerome I. Rotter', 'Barbara A. Konkle', 'Jill M. Johnsen', 'Allison E. Ashley-Koch', 'Marilyn J. Telen', 'Vivien A. Sheehan', 'John Blangero', 'Joanne E. Curran', 'Juan M. Peralta', 'Courtney Montgomery', 'Wayne H-H Sheu', 'Ren-Hua Chung', 'Karen Schwander', 'Seyed M. Nouraie', 'Victor R. Gordeuk', 'Yingze Zhang', 'Charles Kooperberg', 'Alexander P. Reiner', 'Rebecca D. Jackson', 'Eugene R. Bleecker', 'Deborah A. Meyers', 'Xingnan Li', 'Sayantan Das', 'Ketian Yu', 'Jonathon LeFaive', 'Albert Smith', 'Tom Blackwell', 'Daniel Taliun', 'Sebastian Zollner', 'Lukas Forer', 'Sebastian Schoenherr', 'Christian Fuchsberger', 'Anita Pandit', 'Matthew Zawistowski', 'Sachin Kheterpal', 'Chad M. Brummett', 'Pradeep Natarajan', 'David Schlessinger', 'Seunggeun Lee', 'Hyun Min Kang', 'Francesco Cucca', 'Oddgeir L. Holmen', 'Bjørn O. Åsvold', 'Michael Boehnke', 'Sekar Kathiresan', 'Goncalo Abecasis', 'Y. Eugene Chen', 'Cristen J. Willer', 'Kristian Hveem']	male	0	2019-04-02	Loss-of-function genomic variants with impact on liver-related blood traits highlight potential therapeutic targets for cardiovascular disease	Genomics
David Peris	['Ryan V. Moriarty', 'William G. Alexander', 'Russell L. Wrobel', 'Chris Todd Hittinger']	male	0	2019-04-02	Allododecaploid yeasts: synthetic hybrids of six species	Genetics
Albert T. Young	['Xavier Carette', 'Michaela Helmel', 'Hanno Steen', 'Robert N Husson', 'John Quackenbush', 'John Platig']	male	0	2019-04-02	Multi-omic regulatory networks capture downstream effects of kinase inhibition in Mycobacterium tuberculosis	Systems
Ian Towle	['Joel D. Irish', 'Isabelle De Groote', 'Christianne Fernée']	male	0	2019-04-02	Dental caries in human evolution: frequency of carious lesions in South African fossil hominins	Paleontology
Dina V. Popovkina	['Anitha Pasupathy']	female	1	2019-04-02	Task context modulates feature-selective responses in area V4	Neuroscience
Daniel Marquina	['Rodrigo Esparza-Salas', 'Tomas Roslin', 'Fredrik Ronquist']	ambiguous	1	2019-04-02	Establishing insect community composition using metabarcoding of soil samples, and preservative ethanol and homogenate from Malaise trap catches: surprising inconsistencies between methods	Ecology
Yanru Ren	['Lei Zhang', 'Wenfeng Duan', 'Jia Guo', 'Zhongqiang Han', 'Michael D. Heydenrych', 'Aijun Zhang', 'Kaili Nie', 'Tianwei Tan', 'Luo Liu']	unknown	0	2019-04-02	Performance of bitumen coating sheet using biomass pyrolysis oil	Bioengineering
Wei Cheng	['Sohini Ramachandran', 'Lorin Crawford']	ambiguous	1	2019-04-02	Epsilon-Genic Effects Bridge the Gap Between Polygenic and Omnigenic Complex Traits	Genetics
Tandrika Chattopadhyay	['Babukrishna Maniyadath', 'Hema P Bagul', 'Arindam Chakraborty', 'Namrata Shukla', 'Srikanth Budnar', 'Ullas Kolthur-Seetharam']	unknown	0	2019-04-02	Temporal gating of SIRT1 functions by O-GlcNAcylation prevents hyperglycemia and enables physiological transitions in liver	Physiology
Ewoud R.E. Schmidt	['Justine V. Kupferman', 'Michelle Stackmann', 'Franck Polleux']	male	0	2019-04-02	The human-specific paralogs SRGAP2B and SRGAP2C differentially modulate SRGAP2A-dependent synaptic development	Neuroscience
Matthew F. Pech	['Jacqueline E. Villalta', 'Leanne J.G. Chan', 'Samir Kharbanda', 'Jonathon J. O’Brien', 'Fiona E. McAllister', 'Ari J. Firestone', 'Calvin H. Jan', 'Jeff Settleman']	male	0	2019-04-02	Systematic identification of cancer cell vulnerabilities to natural killer cell-mediated immune surveillance	Cancer
Michael Jewer	['Laura Lee', 'Guihua Zhang', 'Jiahui Liu', 'Scott D. Findlay', 'Krista M. Vincent', 'Kristofferson Tandoc', 'Dylan Dieters-Castator', 'Daniela F. Quail', 'Indrani Dutta', 'Mackenzie Coatham', 'Zhihua Xu', 'Bo-Jhih Guan', 'Maria Hatzoglou', 'Andrea Brumwell', 'James Uniacke', 'Christos Patsis', 'Antonis Koromilas', 'Julia Schueler', 'Gabrielle M. Siegers', 'Ivan Topisirovic', 'Lynne-Marie Postovit']	male	0	2019-04-02	Translational control of breast cancer plasticity	Cancer
Weiguo Han	['Stephan J. Matissek', 'David A. Jackson', 'Brandon Sklavanitis', 'Sherine F. Elsawa']	unknown	0	2019-04-02	Targeting IL-6 reduces IgM levels and tumor growth in Waldenström macroglobulinemia	Cancer
Alejandra Arias-Cavieres	['Maggie A. Khuu', 'Chinwendu U Nwakudu', 'Jasmine E. Barnard', 'Gokhan Dalgin', 'Alfredo J. Garcia']	female	1	2019-04-02	A role for Hypoxia Inducible Factor 1a (HIF1a) in intermittent hypoxia-dependent changes in spatial memory and synaptic plasticity	Neuroscience
Elizabeth Vargas	['Karen P. McNally', 'Daniel B. Cortes', 'Michelle T. Panzica', 'Amy Shaub-Maddox', 'Francis J. McNally']	female	1	2019-04-02	Spherical Spindle Shape Promotes Perpendicular Cortical Orientation by Preventing Isometric Cortical Pulling on both Spindle Poles during C. elegans Female Meiosis	Cell
Dmitri Panteleev	['Nikolai Pustogarov', 'Alexander Revishchin', 'Dzhirgala Shamadykova', 'Sergey Drozd', 'Sergey Goryanov', 'Alexander Potapov', 'Galina Pavlova']	male	0	2019-04-02	Different localization of fluorescently labeled N- and C-termini of nucleolin variants in human glioblastoma cell culture	Cancer
Ryan M. Jamiolkowski	['Kevin Y Chen', 'Shane A. Fiorenza', 'Alyssa M. Tate', 'Shawn H. Pfeil', 'Yale E. Goldman']	male	0	2019-04-02	Nanoaperture fabrication via colloidal lithography for single molecule fluorescence imaging	Biophysics
Muneyoshi Ichikawa	['Ahmad Abdelzaher Khalifa', 'Kaustuv Basu', 'Daniel Dai', 'Mohammad Amin Faghfor Maghrebi', 'Javier Vargas', 'Khanh-Huy Bui']	unknown	0	2019-04-02	Tubulin Lattice in Cilia is in a Stressed Form Regulated by Microtubule Inner Proteins	Biophysics
Nele Vandersickel	['Enid Van Nieuwenhuyse', 'Nico Van Cleemput', 'Jan Goedgebeur', 'Milad El Haddad', 'Jan De Neve', 'Teresa Strisciuglio', 'Mattias Duytschaever', 'Alexander V. Panfilov']	female	1	2019-04-02	Directed networks as a novel way to describe and analyze cardiac excitation: Directed Graph mapping	Physiology
Marios Antonakakis	['Stavros I. Dimitriadis', 'Michalis Zervakis', 'Andrew C. Papanicolaou', 'George Zouridakis']	male	0	2019-04-02	Alterations in Dynamic Spontaneous Network Microstates in Mild Traumatic Brain Injury: A MEG Beamformed Dynamic Connectivity Analysis	Neuroscience
Maarten van Zonneveld	['Mohamed Rakha', 'Shin-yee Tan', 'Yu-yu Chou', 'Ching-huan Chang', 'Joyce Yen', 'Roland Schafleitner', 'Ramakrishnan Nair', 'Ken Naito', 'Svein Ø. Solberg']	male	0	2019-04-02	Understanding patterns of abiotic and biotic stress resilience to unleash the potential of crop wild relatives for climate-smart legume breeding	Plant
Holly J. Bowen	['Jaclyn H. Ford', 'Cheryl L. Grady', 'Julia Spaniol']	ambiguous	1	2019-04-02	Fronto-striatal Functional Connectivity Supports Reward-Enhanced Memory in Older Adults	Neuroscience
Gargi Dayama	['Sambhawa Priya', 'David E. Niccum', 'Alexander Khoruts', 'Ran Blekhman']	unknown	0	2019-04-02	Interactions between the gut microbiome and host gene regulation in cystic fibrosis	Genomics
David Curtis	[]	male	0	2019-04-02	Weighted burden analysis of exome-sequenced late onset Alzheimer’s cases and controls provides further evidence for involvement of PSEN1 and demonstrates protective role for variants in tyrosine phosphatase genes	Genetics
Peter M. Kyne	['Rima W. Jabado', 'Cassandra L. Rigby', 'Dharmadi', 'Mauvis A. Gore', 'Caroline M. Pollock', 'Katelyn B. Herman', 'Jessica Cheok', 'David A. Ebert', 'Colin A. Simpfendorfer', 'Nicholas K. Dulvy']	male	0	2019-04-02	The thin edge of the wedge: extremely high extinction risk in wedgefishes and giant guitarfishes	Ecology
David G. Nickens	['Christopher W. Sausen', 'Matthew L. Bochman']	male	0	2019-04-02	The biochemical activities of the Saccharomyces cerevisiae Pif1 helicase are regulated by its N-terminal domain	Biochemistry
Xiaochen Zheng	['Ardi Roelofs', 'Hasan Erkan', 'Kristin Lemhöfer']	unknown	0	2019-04-02	Dynamics of inhibitory control during bilingual speech production: An electrophysiological study	Neuroscience
Nigel Colenbier	['Frederik Van de Steen', 'Lucina Q. Uddin', 'Russell A. Poldrack', 'Vince D. Calhoun', 'Daniele Marinazzo']	male	0	2019-04-02	Disambiguating the role of blood flow and global signal with Partial Information Decomposition	Neuroscience
Ankur B. Dalia	['Triana N. Dalia']	unknown	0	2019-04-02	Horizontal gene transfer by natural transformation promotes both genetic and epigenetic inheritance of traits	Microbiology
Venuja Sriretnakumar	['Clement C. Zai', 'Syed Wasim', 'Brianna Barsanti-Innes', 'James L. Kennedy', 'Joyce So']	unknown	0	2019-04-02	Copy number variant syndromes are frequent in schizophrenia: progressing towards a CNV-schizophrenia model	Genetics
Jonathan R. Holt	['Mark E. Borsuk', 'Brett J. Butler', 'David B. Kittredge', 'Danelle Laflower', 'Meghan Graham MacLean', 'Marla Markowski-Lindsay', 'David Orwig', 'Jonathan R. Thompson']	male	0	2019-04-02	Landowner Functional Types to Characterize Response to Forest Insects	Ecology
Robert J. Jirsaraie	['Antonia N. Kaczkurkin', 'Sage Rush', 'Kayla Piiwia', 'Azeez Adebimpe', 'Danielle S. Bassett', 'Josiane Bourque', 'Monica E. Calkins', 'Matthew Cieslak', 'Rastko Ciric', 'Philip A. Cook', 'Diego Davila', 'Mark A. Elliott', 'Ellen Leibenluft', 'Kristin Murtha', 'David R. Roalf', 'Adon F.G. Rosen', 'Kosha Ruparel', 'Russell T. Shinohara', 'Aristeidis Sotiras', 'Daniel H. Wolf', 'Christos Davatzikos', 'Theodore D. Satterthwaite']	male	0	2019-04-02	Accelerated Cortical Thinning within Structural Brain Networks is Associated with Irritability in Youth	Neuroscience
Christopher M Dillingham	['Mathias L Mathiasen', 'Bethany E Frost', 'Marie AC Lambert', 'Emma J Bubb', 'Maciej M Jankowski', 'John P Aggleton', 'Shane M O’Mara']	male	0	2019-04-02	The anatomical boundary of the rat claustrum	Neuroscience
Lu Li	['Massimo Lai', 'Stephen Cole', 'Nicolas Le Novère', 'Stuart J. Edelstein']	ambiguous	1	2019-04-02	Neurogranin Stimulates Ca2+/calmodulin-dependent Kinase II by Inhibiting Calcineurin at Specific Calcium Spike Frequencies	Neuroscience
Hai Liu	['Lin-Tai Da', 'Yuan Liu']	ambiguous	1	2019-04-02	Understanding the molecular mechanism of umami recognition by T1R1-T1R3 using molecular dynamics simulations	Molecular
Luciano L. Correia	['Hermano A. L. Rocha', 'Christopher R. Sudfeld', 'Sabrina G. M. O. Rocha', 'Álvaro J. M. Leite', 'Jocileide S. Campos', 'Anamaria C. e Silva']	male	0	2019-04-02	Prevalence and socioeconomic determinants of development delay among children in Ceará, Brazil: a population-based study	Epidemiology
Carmichael F. Ong	['Thomas Geijtenbeek', 'Jennifer L. Hicks', 'Scott L. Delp']	unknown	0	2019-04-02	Predicting gait adaptations due to ankle plantarflexor muscle weakness and contracture using physics-based musculoskeletal simulations	Bioengineering
Ryo Yamaguchi	['Sarah P. Otto']	ambiguous	1	2019-04-02	Insights from Fisher’s geometric model on the likelihood of speciation under different histories of environmental change	Evolutionary
Norbert Brunner	['Manfred Kühleitner', 'Werner-Georg Nowak', 'Katharina Renner-Martin', 'Klaus Scheicher']	male	0	2019-04-02	Growth Patterns of birds, dinosaurs and reptiles: Are differences real or apparent?	Scientific
Margaret L. Westwater	['Raquel Vilar-López', 'Hisham Ziauddeen', 'Antonio Verdejo-García', 'Paul C. Fletcher']	female	1	2019-04-02	Combined effects of age and BMI are related to altered cortical thickness in adolescence and adulthood	Neuroscience
Christina E. A. Engel	['David Vorländer', 'Rebekka Biedendieck', 'Rainer Krull', 'Katrin Dohnt']	female	1	2019-04-02	Quantification of microaerobic growth of Geobacter sulfurreducens	Microbiology
Tariku Nigatu	['Abebaw Gebeyehu', 'Alemayehu Worku', 'Gashaw Andargie', 'Zemene Tigabu']	unknown	0	2019-04-02	Prevalence and determinants of neonatal danger signs in northwest Ethiopia: a multilevel analysis	Epidemiology
Jin-Hui Guo	['Tian Guo', 'Kai-Miao Lin', 'Yu-Fai Leung', 'Qiu-Hua Chen']	unknown	0	2019-04-02	Managing congestion at visitor hotspots using park-level use level data: Case study of a Chinese World Heritage site	Ecology
Cody T. Haun	['Christopher G. Vann', 'Shelby C. Osburn', 'Petey W. Mumford', 'Paul A. Roberson', 'Matthew A. Romero', 'Carlton D. Fox', 'Christopher A. Johnson', 'Hailey A. Parry', 'Andreas N. Kavazis', 'Jordan R. Moon', 'Veera L.D. Badsia', 'Benjamin M. Mwashote', 'Victor Ibeanusi', 'Kaelin C. Young', 'Michael D. Roberts']	ambiguous	1	2019-04-02	Muscle fiber hypertrophy in response to 6 weeks of high-volume resistance training in trained young men is largely attributed to sarcoplasmic hypertrophy	Molecular
Yijun Hu	['Li Li', 'Wei Qi', 'Zhenhao Liu', 'Yingpeng Liu', 'Ling Yuan']	unknown	0	2019-04-02	Primary pterygium was not associated with corneal endothelial cell decrease in a rural Chinese population	Epidemiology
Dong Hoon Suh	['Sunray Lee', 'Hyun-Sook Park', 'Noh Hyun Park']	ambiguous	1	2019-04-02	Medroxyprogesterone reverses tolerable dose metformin-induced inhibition of invasion via matrix metallopeptidase-9 and transforming growth factor-β1 in KLE endometrial cancer cells	Cancer
Ayush Mandwal	['Javier Orlandi', 'Christoph Simon', 'Jörn Davidsen']	unknown	0	2019-04-02	A biochemical mechanism for time-encoding memory formation within individual synapses of Purkinje cells	Neuroscience
Hannah P. Savage	['Kathrin Kläsener', 'Fauna L. Smith', 'Zheng Luo', 'Michael Reth', 'Nicole Baumgarth']	female	1	2019-04-02	TLR-induced reorganization of the IgM-BCR complex regulates B-1 cell responses to infections	Immunology
Andréia Gonçalves Arruda	['Loic Deblais', 'Vanessa Hale', 'Monique Pairis-Garcia', 'Vishal Srivastava', 'Dipak Kathayat', 'Anand Kumar', 'Gireesh Rajashekara']	unknown	0	2019-04-02	Nasal and gut microbiota for sows of different health status within six commercial swine farms from one swine production system	Epidemiology
Anuprita Turwankar	['Surendra Ghaskadbi']	unknown	0	2019-04-02	VEGF and FGF signaling during head regeneration in hydra	Cell
Rachel C. Cole	['Eliot Hazeltine', 'Timothy B. Weng', 'Conner Wharff', 'Lyndsey E. DuBose', 'Phillip Schmid', 'Gardar Sigurdsson', 'Vincent A. Magnotta', 'Gary L. Pierce', 'Michelle W. Voss']	female	1	2019-04-02	Cardiorespiratory fitness predicts greater hippocampal volume and rate of episodic associative learning in older adults	Neuroscience
Bunda Alexandra	['LaCarubba Brianna', 'Akiki Marie', 'Andrade Arturo']	unknown	0	2019-04-02	Tissue and cell-type specific expression of a splice variant in the II-III cytoplasmic loop of Cacna1b	Neuroscience
Thomas Gerald Mast	['Kelsey Zuk', 'Andrew Rinke', 'Khaleel Quasem', 'Bradley Savard', 'Charles Brobbey', 'Jacob Reiss', 'Michael Dryden']	male	0	2019-04-02	Temporary anosmia in mice following nasal lavage with dilute detergent solution	Neuroscience
Natasha M. O’Brown	['Sean G. Megason', 'Chenghua Gu']	female	1	2019-04-02	Suppression of transcytosis regulates zebrafish blood-brain barrier development	Developmental
Jesse D. Gelles	['Jarvier N. Mohammed', 'Luis C. Santos', 'Jerry E. Chipuk']	ambiguous	1	2019-04-02	Real-time integration of cell death and proliferation kinetics at the single-cell and population-level using high-throughput live-cell imaging	Cell
Sarah Cubaynes	['Jon Aars', 'Nigel G. Yoccoz', 'Roger Pradel', 'Øystein Wiig', 'Rolf A Ims', 'Olivier Gimenez']	female	1	2019-04-02	Modeling the demography of species providing extended parental care: A capture-recapture approach with a case study on Polar Bears (Ursus maritimus)	Ecology
Franziska Leidreiter	['Daniel Roderer', 'Dominic Meusch', 'Christos Gatsogiannis', 'Roland Benz', 'Stefan Raunser']	female	1	2019-04-02	Conserved architecture of Tc toxins from human and insect pathogenic bacteria	Molecular
Mostafa F. ElMaghraby	['Peter Refsing Andersen', 'Florian Pühringer', 'Katharina Meixner', 'Thomas Lendl', 'Laszlo Tirian', 'Julius Brennecke']	male	0	2019-04-02	A heterochromatin-specific RNA export pathway facilitates piRNA production	Molecular
Kai Huang	['Yue Li', 'Anne R. Shim', 'Rikkert J. Nap', 'Vasundhara Agrawal', 'Ranya K.A. Virk', 'Adam Eshein', 'Luay M. Almassalha', 'Vadim Backman', 'Igal Szleifer']	female	1	2019-04-02	Physical and data structure of 3D genome	Biophysics
Raktim N. Roy	['Newlyn N. Joseph', 'Thomas A. Steitz']	unknown	0	2019-04-02	Molecular Dynamics Analysis of Mg2+-dependent Cleavage of a Pistol Ribozyme Reveals a Fail-safe Secondary Ion for Catalysis	Biophysics
Helen H. Yu	['Justin M. Reitsma', 'Mike J. Sweredoski', 'Annie Moradian', 'Sonja Hess', 'Raymond J. Deshaies']	female	1	2019-04-02	Single subunit degradation of WIZ, a lenalidomide- and pomalidomide-dependent substrate of E3 ubiquitin ligase CRL4CRBN	Biochemistry
Lukas F. Milles	['Hermann E. Gaub']	male	0	2019-04-02	Is mechanical receptor ligand dissociation driven by unfolding or unbinding?	Biophysics
Anders M Fjell	['Markus H. Sneve', 'Donatas Sederevicius', 'Øystein Sørensen', 'Stine K Krogsrud', 'Athanasia M Mowinckel', 'Kristine B Walhovd']	male	0	2019-04-01	Volumetric and microstructural regional changes of the hippocampus underlying development of extended delay long-term memory	Neuroscience
Satohiro Tajima	['Jan Drugowitsch', 'Nisheet Patel', 'Alexandre Pouget']	unknown	0	2019-04-01	Optimal policy for multi-alternative decisions	Neuroscience
Abdullah O. Khan	['Alexandre Slater', 'Annabel Maclachlan', 'Phillip L.R. Nicolson', 'Jeremy A. Pike', 'Jack Yule', 'Steven G. Thomas', 'Neil V. Morgan']	male	0	2019-04-01	Post-translational polymodification of the C-terminal tail of TUBB1 regulates motor protein processivity in platelet production and function	Cell
Luke A. Perera	['Claudia Rato', 'Yahui Yan', 'Lisa Neidhardt', 'Stephen H. McLaughlin', 'Randy J. Read', 'Steffen Preissler', 'David Ron']	male	0	2019-04-01	An oligomeric state-dependent switch in FICD regulates AMPylation and deAMPylation of the chaperone BiP	Biochemistry
Lei Yang	['Genevieve A. Metzger', 'Richard N. McLaughlin']	ambiguous	1	2019-04-01	Characterization of LINE-1 transposons in a human genome at allelic resolution	Genomics
Cailyn H. Spurrell	['Iros Barozzi', 'Brandon J. Mannion', 'Matthew J. Blow', 'Yoko Fukuda-Yuzawa', 'Sarah Y. Afzal', 'Jennifer A. Akiyama', 'Veena Afzal', 'Stella Tran', 'Ingrid Plajzer-Frick', 'Catherine S. Novak', 'Momoe Kato', 'Elizabeth Lee', 'Tyler H. Garvin', 'Quan T. Pham', 'Anne N. Harrington', 'Steven Lisgo', 'James Bristow', 'Thomas P. Cappola', 'Michael P. Morley', 'Kenneth B. Margulies', 'Len A. Pennacchio', 'Diane E. Dickel', 'Axel Visel']	unknown	0	2019-04-01	Genome-Wide Fetalization of Enhancer Architecture in Heart Disease	Genomics
Jorge Roel-Touris	['Alexandre M.J.J. Bonvin', 'Brian Jiménez-García']	male	0	2019-04-01	LightDock goes information-driven	Bioinformatics
Erwan Delrieu-Trottin	['Jeffrey T. Williams', 'Diane Pitassy', 'Amy Driskell', 'Nicolas Hubert', 'Jérémie Viviani', 'Thomas H. Cribb', 'Benoit Espiau', 'René Galzin', 'Michel Kulbicki', 'Thierry Lison de Loma', 'Christopher Meyer', 'Johann Mourier', 'Gérard Mou-Tham', 'Valeriano Parravicini', 'Patrick Plantard', 'Pierre Sasal', 'Gilles Siu', 'Nathalie Tolou', 'Michel Veuille', 'Lee Weigt', 'Serge Planes']	male	0	2019-04-01	A DNA barcode reference library of the French Polynesian shore fishes	Zoology
Daniela Vlad	['Marketa Samalova', 'Basel Abu-Jamous', 'Peng Wang', 'Ian R. Moore', 'Jane A. Langdale']	female	1	2019-04-01	Optimization of a Modular Steroid-Inducible Gene Expression System for Use in Rice	Plant
Grace S. Kim	['Alicia Smith', 'Fei Xu', 'Vasiliki Michopoulos', 'Adriana Lori', 'Don L. Armstrong', 'Allison E. Aiello', 'Karestan C. Koenen', 'Sandro Galea', 'Derek E. Wildman', 'Monica Uddin']	ambiguous	1	2019-04-01	Methylomic profiles reveal sex-specific shifts in leukocyte composition associated with post-traumatic stress disorder	Genomics
Ian Towle	['Joel D. Irish']	male	0	2019-04-01	Dental abscesses on the maxilla of a two million-year-old early Homo specimen	Paleontology
Shile Qi	['Jing Sui', 'Jiayu Chen', 'Jingyu Liu', 'Rongtao Jiang', 'Rogers Silva', 'Armin Iraji', 'Eswar Damaraju', 'Mustafa Salman', 'Dongdong Lin', 'Zening Fu', 'Dongmei Zhi', 'Jessica A. Turner', 'Juan Bustillo', 'Judith M. Ford', 'Daniel H. Mathalon', 'James Voyvodic', 'Sarah McEwen', 'Adrian Preda', 'Aysenil Belger', 'Steven G. Potkin', 'Bryon A. Mueller', 'Tulay Adali', 'Vince D. Calhoun']	female	1	2019-04-01	Parallel Group ICA + ICA: Joint Estimation of Linked Functional Network Variability and Structural Covariation with Application to Schizophrenia	Bioinformatics
Huan Jin	['Hunter N.B. Moseley']	ambiguous	1	2019-04-01	Moiety Modeling Framework for Deriving Moiety Abundances from Mass Spectrometry Measured Isotopologues	Bioinformatics
Gavin Fullstone	['Cristiano Guttà', 'Amatus Beyer', 'Markus Rehm']	male	0	2019-04-01	The FLAME-accelerated Signalling Tool (FaST): A tool for facile parallelisation of flexible agent-based models of cell signalling	Systems
Friederike Ehrhart	['Egon L. Willighagen', 'Martina Kutmon', 'Max van Hoften', 'Nasim Bahram Sangani', 'Leopold G.M. Curfs', 'Chris T. Evelo']	female	1	2019-04-01	History of rare diseases and their genetic causes - a data driven approach	Systems
Marcel Stimberg	['Romain Brette', 'Dan F. M. Goodman']	male	0	2019-04-01	Brian 2: an intuitive and efficient neural simulator	Neuroscience
Matthew F. Tang	['Lucy Ford', 'Ehsan Arabzadeh', 'James T. Enns', 'Troy A.W. Visser', 'Jason B. Mattingley']	male	0	2019-04-01	Neural dynamics of the attentional blink revealed by encoding orientation selectivity during rapid visual presentation	Neuroscience
Thomas Naert	['Tom Van Nieuwenhuysen', 'Suzan Demuynck', 'Sven de Grande', 'Joanna Przybyl', 'Marnik Vuylsteke', 'Rivka Noelanders', 'Dieter Tulkens', 'Dionysia Dimitrakopoulou', 'David Creytens', 'Matt van de Rijn', 'Savvas Savvides', 'Kris Vleminckx']	male	0	2019-04-01	CRISPR-NSID: an in vivo CRISPR/Cas9 negative selection screen reveals EZH2 as a druggable dependency factor in a genetic desmoid tumor model	Cancer
Tyler Davis	['Mark LaCour', 'Erin Beyer', 'Markus Miller']	male	0	2019-04-01	Neural Correlates of Attitudes and Risk Perception for Food Technology Topics	Neuroscience
Sthitapranjya Pati	['Sonali S. Salvi', 'Mamata Kallianpur', 'Antara Banerjee', 'Sudipta Maiti', 'James P. Clement', 'Vidita A. Vaidya']	unknown	0	2019-04-01	Chemogenetic activation of excitatory neurons alters hippocampal neurotransmission in a dose-dependent manner	Neuroscience
David Wetzel	['Jo-Anne Chan', 'Manfred Suckow', 'Andreas Barbian', 'Michael Weniger', 'Volker Jenzelewski', 'Linda Reiling', 'Jack S Richards', 'David A Anderson', 'Betty Kouskousis', 'Catherine Palmer', 'Eric Hanssen', 'Gerhard Schembecker', 'Juliane Merz', 'James G Beeson', 'Michael Piontek']	male	0	2019-04-01	Display of malaria transmission-blocking antigens on chimeric DHBV-derived virus-like particles produced in Hansenula polymorpha	Synthetic
Pantelis Antonoudiou	['Yu Lin Tan', 'Georgina Kontou', 'A. Louise Upton', 'Edward O. Mann']	male	0	2019-04-01	Complementary roles for parvalbumin and somatostatin interneurons in the generation of hippocampal gamma oscillations	Neuroscience
Konstantin Weise	['Ole Numssen', 'Axel Thielscher', 'Gesa Hartwigsen', 'Thomas R. Knösche']	male	0	2019-04-01	A novel approach to localize cortical TMS effects	Neuroscience
Pierre De Wit	['Per R. Jonsson', 'Ricardo T. Pereyra', 'Marina Panova', 'Carl André', 'Kerstin Johannesson']	male	0	2019-04-01	Strong spatial genetic structure in a Baltic Sea herbivore due to recent range expansion, multiple bottlenecks and low connectivity	Evolutionary
Frédérique Steen	['Verlaque Marc', 'Sofie D’hondt', 'Christophe Vieira', 'Olivier De Clerck']	female	1	2019-04-01	Population structure and geographically structured reproductive strategies of the haplodiplontic seaweed Dictyota dichotoma	Ecology
Eric Vallabh Minikel	['Eric Kuhn', 'Alexandra R Cocco', 'Sonia M Vallabh', 'Christina R Hartigan', 'Andrew G Reidenbach', 'Jiri G Safar', 'Gregory J Raymond', 'Michael D McCarthy', 'Rhonda O’Keefe', 'Franc Llorens', 'Inga Zerr', 'Sabina Capellari', 'Piero Parchi', 'Stuart L Schreiber', 'Steven A Carr']	male	0	2019-04-01	Domain-specific quantification of prion protein in cerebrospinal fluid by targeted mass spectrometry	Neuroscience
Gurpreet S. Matharoo	['Javeria A. Hashmi']	male	0	2019-04-01	Spontaneous back-pain alters randomness in functional connections in large scale brain networks	Biophysics
W.David Weber	['Heidi S. Fisher']	unknown	0	2019-04-01	An inexpensive wireless video recording system for continuous behavioral observations	Animal
Sepp Kollmorgen	['Richard Hahnloser', 'Valerio Mante']	male	0	2019-04-01	Neighborhood-statistics reveal complex dynamics of song acquisition in the zebra finch	Neuroscience
Emir Hodzic	['Denise M. Imai', 'Edlin Escobar']	male	0	2019-04-01	The generality of post-antimicrobial treatment persistence of replicatively-attenuated Borrelia burgdorferi in a mouse model	Microbiology
